<?xml version="1.0" encoding="UTF-8"?>
<project-private xmlns="http://www.netbeans.org/ns/project-private/1">
    <editor-bookmarks xmlns="http://www.netbeans.org/ns/editor-bookmarks/2" lastBookmarkId="0"/>
    <open-files xmlns="http://www.netbeans.org/ns/projectui-open-files/2">
        <group>
            <file>file:/C:/Users/Todd%20Kelley/Desktop/SpriteBase/SpriteBase-ejb/src/java/cst8218/base0001/entity/SpriteFacade.java</file>
            <file>file:/C:/Users/Todd%20Kelley/Desktop/SpriteBase/SpriteBase-ejb/src/java/cst8218/base0001/entity/AbstractFacade.java</file>
            <file>file:/C:/Users/Todd%20Kelley/Desktop/SpriteBase/SpriteBase-ejb/src/java/cst8218/base0001/service/SpriteFacadeREST.java</file>
            <file>file:/C:/Users/Todd%20Kelley/Desktop/SpriteBase/SpriteBase-ejb/src/conf/persistence.xml</file>
        </group>
    </open-files>
</project-private>
